"term","estimate","std.error","statistic","p.value","conf.low","conf.high","estimator","model"
"expo",1.00146473149346,0.16378086663883,0.0089366960297164,0.992869643123868,0.716683276277165,1.36405744636069,"glm_run_incident","pri"
"expo",0.982741729795629,0.234573061092584,-0.0742153851937862,0.940839003997186,0.603107222767318,1.51967982048929,"glm_run_incident","M"
"expo",0.986130523027723,0.230285880783987,-0.0606487761952982,0.95163892720451,0.611162557762805,1.51371708889751,"glm_run_incident","F"
"expo",1.00146473149346,0.16378086663883,0.0089366960297164,0.992869643123868,0.716683276277165,1.36405744636069,"glm_run_incident","inci"
