"term","estimate","std.error","statistic","p.value","conf.low","conf.high","model"
"expo",0.981019075996423,0.16664397955366,-0.11499589842367,0.908448373061,0.707668459638481,1.3599566497008,"pri"
"expo",0.89987940997587,0.233024577506577,-0.452718398546889,0.650751529439508,0.569945638943352,1.420807349276,"F"
"expo",1.00743668919245,0.239504288259687,0.0309354517484488,0.975321017037947,0.630015658099718,1.61095787014616,"M"
"expo",0.981019075996423,0.16664397955366,-0.11499589842367,0.908448373061,0.707668459638481,1.3599566497008,"inci"
"expo",0.89987940997587,0.233024577506577,-0.452718398546889,0.650751529439508,0.569945638943352,1.420807349276,"F_inc"
"expo",1.00743668919245,0.239504288259687,0.0309354517484488,0.975321017037947,0.630015658099718,1.61095787014616,"M_inc"
