"term","estimate","std.error","statistic","p.value","conf.low","conf.high","model"
"expo",0.923258609562651,0.0437783653652771,-1.8238666370709,0.0681722365947215,0.847342820526691,1.00597590430013,"pri"
"expo",1.01682943249278,0.060050423843966,0.277922878849567,0.781071560729735,0.903926451084438,1.14383431698804,"F"
"expo",0.866582295234159,0.0653528865088019,-2.19115340855312,0.0284406928993005,0.762397272722144,0.985004670507253,"M"
"expo",0.923258609562651,0.0437783653652771,-1.8238666370709,0.0681722365947215,0.847342820526691,1.00597590430013,"inci"
"expo",1.01682943249278,0.060050423843966,0.277922878849567,0.781071560729735,0.903926451084438,1.14383431698804,"F_inc"
"expo",0.866582295234159,0.0653528865088019,-2.19115340855312,0.0284406928993005,0.762397272722144,0.985004670507253,"M_inc"
